https://quantifiedself.com/show-and-tell/?project=9,diet and weight loss  |  food tracking  |  sports & fitness,Fitbit,,https://player.vimeo.com/video/33565756?app_id=122963
https://quantifiedself.com/show-and-tell/?project=10,cognition  |  sports & fitness  |  mood & emotion,23andMe | coronary calcium scan | Fitbit | Insidetracker | neuropsychology testing | self-report cognitive functioning,"Hello I’m Mark and I’m going to first publicly tell my story about brain fog, which started occurring about 12 months ago and I was at an organized research retreat on Orcas Island with my friends, mainly research colleagues from Europe. But amidst this relaxing, serene beauty, big problems were revealed the next day.",https://player.vimeo.com/video/96591409?app_id=122963
https://quantifiedself.com/show-and-tell/?project=12,mood & emotion  |  productivity  |  stress,self-report cognitive functioning,"I’m Jenny and I’m going to talk to you about my science fashion project or I call it my science fashion story, and I’m a reader of sensory fantasy fashion at St. Martins and I wasn tto talk to you about biofeedback scent interventions, so it’s really introducing scent to wearable technology.",https://player.vimeo.com/video/100583400?app_id=122963
https://quantifiedself.com/show-and-tell/?project=15,diet and weight loss  |  productivity  |  sleep,Excel | Fitbit | Moves | MyFitnessPal | Runkeeper | SleepCycle | Withings Scale,"I’m Kouris Kalligas. I run a startup called AddUp, we have a stand out there and you can meet me later. But today I’m here to talk to you about my own experiment. It’s about hacking myself and specifically what I learned about my weight and my sleep quality.",https://player.vimeo.com/video/104559409?app_id=122963
https://quantifiedself.com/show-and-tell/?project=17,cognition  |  mood & emotion,SuperMemo,"grade in high school, I hear seemed it took like forever to complete. However hours I fill up the field and entire summer can pass by with me hardly noticing.",https://player.vimeo.com/video/101714344?app_id=122963
https://quantifiedself.com/show-and-tell/?project=18,diet and weight loss  |  sports & fitness,scale,Justin Timmer A Lazy Workout,https://player.vimeo.com/video/100252684?app_id=122963
https://quantifiedself.com/show-and-tell/?project=22,cognition  |  productivity  |  sports & fitness,23andMe | GeneTrainer | Polar RCX5 | Withings Smart Body Analyzer,,https://player.vimeo.com/video/97117883?app_id=122963
https://quantifiedself.com/show-and-tell/?project=27,diet and weight loss  |  food tracking  |  genome & microbiome,Excel,Sue Lueder Solving a Food Allergy Mystery,https://player.vimeo.com/video/110298341?app_id=122963
https://quantifiedself.com/show-and-tell/?project=40,productivity,python,,https://player.vimeo.com/video/133234268?app_id=122963
https://quantifiedself.com/show-and-tell/?project=42,mood & emotion  |  social life & social media,self-report cognitive functioning,"there was much more coherence. The math bears this out. The correlation and the data rise is very significant to 0.63 and a correlation coefficient, zero mean that there’s no relationship between the data, while one would mean it’s going up and down absolutely in tandem.",https://player.vimeo.com/video/101755547?app_id=122963
https://quantifiedself.com/show-and-tell/?project=45,diet and weight loss  |  food tracking  |  metabolism,Fitbit,Is the Quantified Self determined by your genes? Just like in life I like to believe that we have control of our fate. But is it really possible?,https://player.vimeo.com/video/80193612?app_id=122963
https://quantifiedself.com/show-and-tell/?project=52,productivity  |  sleep,Excel | zeo,"Hey there! I’m Laurie Frick. I’m a visual artist and I make work, objects, and installations that relate to brain rhythm, and in the work I’m going to show you now it’s about sleep patterns and daily activity patterns. And it’s really a simple premise that I have the notion that I can use the way you spend your time to reflect back to you, a kind of an innate proportion, an innate drumbeat, an innate rhythm of your mind.  So stay with me.",https://player.vimeo.com/video/21852158?app_id=122963
https://quantifiedself.com/show-and-tell/?project=55,sleep  |  social life & social media,Excel | pen and paper,Yasmin Lucero on Baby Tracking,https://player.vimeo.com/video/69674358?app_id=122963
https://quantifiedself.com/show-and-tell/?project=61,diet and weight loss  |  food tracking,MyNetDiary | Weight Watchers,,https://player.vimeo.com/video/72048182?app_id=122963
https://quantifiedself.com/show-and-tell/?project=67,food tracking  |  productivity,Fitbit | Zenobase,"So my name is Eric Jain. I work in a very general purpose kind of time series aggregation service. It’s certainly useful for Quantified Self data. So now my short four minutes and 40 seconds to talk a bit about some of the design considerations. So here’s some of the services and devices I’m currently using, so my first problem was how do I represent all of the data that’s coming off these devices and services. So the approach I chose is to just chop up all of the data, to map it to a basic set of simple data types and to throw it all into one bucket. So we’ll look at a couple of examples.",https://player.vimeo.com/video/96617936?app_id=122963
https://quantifiedself.com/show-and-tell/?project=75,food tracking,Photos,Ellis Bartholomeus This Is What I Ate,https://player.vimeo.com/video/96618191?app_id=122963
https://quantifiedself.com/show-and-tell/?project=79,productivity  |  sleep,zeo,"Hi I’m Christel and I would like to talk to you about my three year experience with sleep monitoring with different devices, I’m not going to focus on the device but more what it did to my lifestyle. So 13 years ago I had Graves’ disease and just this little detail, because I think it’s important. I didn’t change everything overnight, so it took me awhile to change. But Graves’ disease basically is autoimmune disease, and basically it attacks your body and organs, so you really need to take care of yourself in order to recover from the disease.",https://player.vimeo.com/video/96617793?app_id=122963
https://quantifiedself.com/show-and-tell/?project=98,diet and weight loss  |  food tracking,phone,Alan Gale - Long-term Nutrient Logging and Systematic Analysis,https://player.vimeo.com/video/84767606?app_id=122963
https://quantifiedself.com/show-and-tell/?project=101,cognition,Anki | SuperMemo,"Today I’m going to talk about space repetition and just a bit of my background I was on the gameshow Jeopardy in 2010 and 2011. I set numerous records, won the Tournament of Champions and became the fourth highest winning contestant ever. Spaced repetition and the Quantified Self were a big part of that.",https://player.vimeo.com/video/48070812?app_id=122963
https://quantifiedself.com/show-and-tell/?project=110,diet and weight loss  |  food tracking  |  sleep,Sleep Cycle,"Hi I’m Denise and I’m from Zurich, and I would like to talk to you through my one year sleep experiment and also share these findings with you.",https://player.vimeo.com/video/98537753?app_id=122963
https://quantifiedself.com/show-and-tell/?project=112,productivity,RescueTime,Visualization of data in a learning and self-reflection context,https://player.vimeo.com/video/35845887?app_id=122963
https://quantifiedself.com/show-and-tell/?project=138,metabolism,23andMe | Doxcon,Jana Beck on Exploring and Visualizing Diabetes Data,https://player.vimeo.com/video/84443951?app_id=122963
https://quantifiedself.com/show-and-tell/?project=142,diet and weight loss  |  food tracking  |  mood & emotion,Excel | Fitbit | Garmin GPS,My name is Maria Benet and I’m happy to tell you that only about two thirds of me is here to talk about my tracking project. I mean that literally because in the 10 years since I’ve been self-tracking I lost over 50 pounds while getting fitter.,https://player.vimeo.com/video/97650725?app_id=122963
https://quantifiedself.com/show-and-tell/?project=149,productivity,Fitbit | phone | RescueTime,"Hi everyone, I’m Robbie and I have spent a ridiculous amount of my life staring at a computer. I’ve been trying to understand this time a little bit and I wanted to share some of the things I’ve learned over the years.",https://player.vimeo.com/video/80193613?app_id=122963
https://quantifiedself.com/show-and-tell/?project=150,diet and weight loss  |  heart rate / cardiovascular,chart | RAMROD,"I’m a Prof in medicine in the University of Washington and my Ph.D. is in epidemiology, but what I’m going to talk about today is out of my clinical area and it’s my story about my heart rhythm disorder.",https://player.vimeo.com/video/81270829?app_id=122963
https://quantifiedself.com/show-and-tell/?project=155,diet and weight loss  |  food tracking,MyFitnessPal | scale | zeo,"I’m going to talk to you about some dietary experimentation I have been doing last fall. As you can go from the title, for a while I’ve been experimented with eating a very low carbohydrate paleo diet. And for me experimentation and diet is a natural thing to do. We have a lot of research which can guide what might be the best for us to eat from performance, health, longevity whatever. But the ultimate way is to test it on yourself and find out that way.",https://player.vimeo.com/video/66516294?app_id=122963
https://quantifiedself.com/show-and-tell/?project=158,mood & emotion,Moodscope,"My name is Ute and I’m a Ph.D. student at Liverpool John Moores University, and I share an office with Kyle and that’s how I got interested in this Quantified Self. What I did with this project is I combined a subjective mood tracking tool, an online tool with the body blogging system and the continuous recording of the heart rate to see whether I could learn something useful from combining the two.",https://player.vimeo.com/video/35917562?app_id=122963
https://quantifiedself.com/show-and-tell/?project=159,food tracking  |  stress,phone | sensor wristband | smartband 2.0,"My name is Georgios Papastefanou. I’m from Germany and a social scientist and a social phycologist. In my research and my job dealing with the quality of life. The background is similar to that what Ullrich today told you, so I don’t want to tell you this once more. Actually I like this show and tell, so this is not a scientific conference; it’s a personal conference and I just want to give you what I show, namely this device. It is a wristband and this wristband is a sensor and it has a sensor for skin conductivity, skin temperature. It has an ultra-electric sensor to get the heart activity and tri-acceleration for movement and has the ambient temperature around the body, plus a key pad with buttons and you can chose the sampling rate you like up to 100 to 250 Hertz.",https://player.vimeo.com/video/35939874?app_id=122963
https://quantifiedself.com/show-and-tell/?project=163,food tracking  |  mood & emotion,pen and paper,,https://player.vimeo.com/video/45860129?app_id=122963
https://quantifiedself.com/show-and-tell/?project=164,food tracking,Photos,Indhira Rojas – Indexer,https://player.vimeo.com/video/16009619?app_id=122963
https://quantifiedself.com/show-and-tell/?project=165,mood & emotion,SenseOS,,https://player.vimeo.com/video/91154750?app_id=122963
https://quantifiedself.com/show-and-tell/?project=166,cognition  |  social life & social media,pedometer | SenseCam,"I’m a principle researcher at Microsoft and I think my tools are just computers. Anyway, this is a project and I’m going to talk about the quantitative and self-data what I’ve been kind of working on for the last decade, which was a project called MyLifeBits which was the issue of trying to realize and that was trying to put everything basically on your hard drive.",https://player.vimeo.com/video/14282561?app_id=122963
https://quantifiedself.com/show-and-tell/?project=170,productivity  |  sleep,RescueTime | zeo,,https://player.vimeo.com/video/72048183?app_id=122963
https://quantifiedself.com/show-and-tell/?project=171,food tracking,chart | Excel,,https://player.vimeo.com/video/81504360?app_id=122963
https://quantifiedself.com/show-and-tell/?project=172,social life & social media,Google Glass | phone,and Twitter handle is @cathal.,https://player.vimeo.com/video/96591411?app_id=122963
https://quantifiedself.com/show-and-tell/?project=173,social life & social media,camera | slae-tablet | web tv,,https://player.vimeo.com/video/96617937?app_id=122963
https://quantifiedself.com/show-and-tell/?project=178,diet and weight loss,Excel | google forms | Withings Scale,,https://player.vimeo.com/video/43574640?app_id=122963
https://quantifiedself.com/show-and-tell/?project=179,diet and weight loss  |  sports & fitness,phone | Runkeeper,"So hi I’m Nick Alexander and I wanted to find out if running in colder weather would make me burn more calories. So I wanted to try and keep everything the same as much as I could, including my route, the duration it took me to run, the clothes I wore throughout the year.",https://player.vimeo.com/video/81504359?app_id=122963
https://quantifiedself.com/show-and-tell/?project=181,diet and weight loss  |  sleep,Mymee,October. And the nice thing about this is that the cumulative graph indicates how fast I produce these sneezes. So if it’s flat I don’t produce as many sneezes and if it’s very steep I produce a lot of sneezes in a short amount of time.,https://player.vimeo.com/video/83550513?app_id=122963
https://quantifiedself.com/show-and-tell/?project=187,cognition  |  mood & emotion,timed meditation app,Peter Lewis Meditation and Brain Function,https://player.vimeo.com/video/96618192?app_id=122963
https://quantifiedself.com/show-and-tell/?project=189,social life & social media,LUMOback,"Hi everyone my name is Charles Wang and I’m one of the cofounders of Umo Body tech, and today I want to talk to you a little bit about technology and how it helped me to become more mindful and aware. I love that previous talk and we talk about posture a lot to.",https://player.vimeo.com/video/78071139?app_id=122963
https://quantifiedself.com/show-and-tell/?project=191,productivity,phone,,https://player.vimeo.com/video/96617794?app_id=122963
https://quantifiedself.com/show-and-tell/?project=192,social life & social media,Fluxtream,,https://player.vimeo.com/video/97117884?app_id=122963
https://quantifiedself.com/show-and-tell/?project=193,mood & emotion,EEG (Electroencephalography) | GSR (Galvanic Skin Response),,https://player.vimeo.com/video/96617380?app_id=122963
https://quantifiedself.com/show-and-tell/?project=197,metabolism  |  sports & fitness,Excel,"Hello everyone my name’s Alex Collins and I’ve always been interested in data about myself in terms of fitness or training or whatever and I’ve never had enough motivation to collect any of it. I’ve always been a kind of enthusiastic amateur. I like going for a run, don’t wear a watch, don’t wear a heartrate monitor, very happy go lucky.",https://player.vimeo.com/video/94897658?app_id=122963
https://quantifiedself.com/show-and-tell/?project=205,heart rate / cardiovascular  |  productivity,Basis B1 Band | Shine,Richard Sprague,https://player.vimeo.com/video/58264808?app_id=122963
https://quantifiedself.com/show-and-tell/?project=206,diet and weight loss  |  sleep,zeo,"So okay, what do these having common? In the movie Sleeper wakes up after sleeping after 100 years and he asked for wheat germ, health foods, and his doctors are very surprised because one doctor said no deep fat, no steak, cream pies, or hot fudge. In other words those were the health foods of 2073. And doctor two says those that thought to be unhealthy precisely now the opposite of what we now know to be true. So I guess in 1973 that got a big laugh.",https://player.vimeo.com/video/29391910?app_id=122963
https://quantifiedself.com/show-and-tell/?project=208,social life & social media,Timehop | timemap,Part of what inspired me to go back to school was to kind of think about seeing the discussion about personal data in the public discourse has largely been about privacy. And I felt like that was actually a really useful way of framing the discussion. So part of what it gives me about the Quantified Self community is our focus on use and the usefulness of data.,https://player.vimeo.com/video/68913267?app_id=122963
https://quantifiedself.com/show-and-tell/?project=213,stress,EEG (Electroencephalography) | emWave2,,https://player.vimeo.com/video/66544113?app_id=122963
https://quantifiedself.com/show-and-tell/?project=218,sleep  |  sports & fitness  |  stress,Notes | video clip | zeo,"So actually this is more of a thank you to the Quantified Self community because we did a talk at Google I think three years ago and this all started with an experiment that I did and this has grown into something. We’re coming onto the tail end of three years now of this crazy project that was completely spontaneous, something we could have imagined to help the US women cycling team beat all odds at the 2012 London Olympics.",https://player.vimeo.com/video/90273508?app_id=122963
https://quantifiedself.com/show-and-tell/?project=219,food tracking  |  metabolism,Blood glucose monitor | Google Sheets | Photos,,https://player.vimeo.com/video/79837532?app_id=122963
https://quantifiedself.com/show-and-tell/?project=220,metabolism,Insidetracker,"So my name’s Daniel Gartenberg. I’m a Ph.D. student at George Mason. My focus is on sleep and specifically what sleep has on alertness, but I’m not going to be talking about sleep at all today, I’m going to be talking about this company called Inside Tracker, which I come to be familiar with and through my experience at a Quantified Self conference.",https://player.vimeo.com/video/86449436?app_id=122963
https://quantifiedself.com/show-and-tell/?project=223,productivity  |  sports & fitness,Chromeo | Fitbit,,https://player.vimeo.com/video/96616930?app_id=122963
https://quantifiedself.com/show-and-tell/?project=226,diet and weight loss  |  sports & fitness,Beeminder | Fitbit | Withings Scale,,https://player.vimeo.com/video/96616929?app_id=122963
https://quantifiedself.com/show-and-tell/?project=227,chronic condition  |  social life & social media,InnerScan | Excel,"Good evening everybody. As you can see I think self-monitoring is a way of enhancing a person is long time survival. So really quite would you be in this anyway. Well you ought to know that in a few years’ time, half of the people alive will experience cancer; that’s half this room if you will, so it’s important for all of you probably or your partners, and 30% of you will die of cancer including me.",https://player.vimeo.com/video/68941583?app_id=122963
https://quantifiedself.com/show-and-tell/?project=229,productivity,Excel,"My name is Rosa, I started tracking a few things about myself back in 2009, I started doing financial, and then I moved to goal resolutions, food, food composition, and the last thing I’ve been tracking is my health KPI’s because of my chronic illness.",https://player.vimeo.com/video/88398097?app_id=122963
https://quantifiedself.com/show-and-tell/?project=233,mood & emotion  |  stress,calendar | Excel,,https://player.vimeo.com/video/99536160?app_id=122963
https://quantifiedself.com/show-and-tell/?project=234,food tracking  |  sleep,BodyMedia,"percentile largest man. We studied a lot about the device because you are wearing a skin touching device, and they are very intimate but they mustn’t get in the way; like cats have whiskers so they don’t bump into things, and BodyMedia makes devices that you don’t notice once they are on your body.",https://player.vimeo.com/video/67618171?app_id=122963
https://quantifiedself.com/show-and-tell/?project=235,metabolism  |  sports & fitness,Blood glucose monitor,"Thank you very much for the introduction. I’m Matt Beard, and I’m going to talk today about how I’m using self-quantification to help me train for one of my ambitions which is to run an ultramarathon.",https://player.vimeo.com/video/74067335?app_id=122963
https://quantifiedself.com/show-and-tell/?project=236,social life & social media,Google Calendar,,https://player.vimeo.com/video/78020552?app_id=122963
https://quantifiedself.com/show-and-tell/?project=237,productivity  |  sleep  |  sports & fitness,iCal | OfficeTime,,https://player.vimeo.com/video/104498819?app_id=122963
https://quantifiedself.com/show-and-tell/?project=239,social life & social media,camera | pen and paper,,https://player.vimeo.com/video/99536159?app_id=122963
https://quantifiedself.com/show-and-tell/?project=240,sports & fitness,Fitbit | Jawbone | Moves,"I’m Joost, I build prototypes, and this is a recent prototype of mine where I’m trying to figure out what to do with activity tracking especially within teams or organizations. And we spend a lot of our time at the office, and the office isn’t necessarily good for you but it could be in a way. And I think if you could somehow change people’s behaviour based on QS related data, the office would be a very nice place to do so, because you spend a lot of time in it.",https://player.vimeo.com/video/100650675?app_id=122963
https://quantifiedself.com/show-and-tell/?project=241,diet and weight loss  |  sleep,Withings Scale,,https://player.vimeo.com/video/69675316?app_id=122963
https://quantifiedself.com/show-and-tell/?project=254,diet and weight loss  |  sports & fitness,OM Signal,"Hello, my name is Kirill Gertman. I work for a company called OM Signal and we make bio sensing shirts, and I’m actually wearing one right now, and I have to say I love my job. You know it’s very exciting; it’s a very challenging job. I get to do lots of very interesting things, but it’s also very stressful at times. And I’m sure for you that have worked at a startup that you guys know how demanding a job can be and how much stress it can actually impact in your life.",https://player.vimeo.com/video/97118630?app_id=122963
https://quantifiedself.com/show-and-tell/?project=256,stress,Peak Flow/FEV1 Meter,oday I will talk about my journey to track my lung function and to improve it.,https://player.vimeo.com/video/36276181?app_id=122963
https://quantifiedself.com/show-and-tell/?project=296,diet and weight loss,camera | phone,"Hi, I’m Nell Watson. I run a company called Poikos which I founded. We enable you to measure your body in 3-D on a smart phone, tablet in a couple of seconds. Now I set off on a journey to enable mass customization. So that’s being able to customize goods, make stuff that perfectly suited to you cheaply and affordably and I found it was pretty difficult because of all the troubles of getting measurements in. how can you configure something if you don’t have the specifications.",https://player.vimeo.com/video/96617795?app_id=122963
https://quantifiedself.com/show-and-tell/?project=301,productivity,Notes | pomodoro,"So my name is Brian Crain and I’m here to share my story about the tracking that I’ve been perusing for quite a while. Now there are a lot of different productivity systems and for someone who has a slight problem with procrastination that of course is very tempting, because you can keep trying out a different one and not do anything, and I’ve definitely done a lot of that.",https://player.vimeo.com/video/98385762?app_id=122963
https://quantifiedself.com/show-and-tell/?project=303,social life & social media,laptop | Photos,"So this is an account of a project that I started December 2011. I was inspired by a friend and wrote this little script that would take a picture on my webcam, and I set it to run every half hour, so it was always doing that.",https://player.vimeo.com/video/96617381?app_id=122963
https://quantifiedself.com/show-and-tell/?project=314,stress,sensor | Sprout,"Hi Everyone. I want to talk today about recent personal experiments I’ve been doing with the the Fujitsu Sprout, and I apologize in advance. This talk has spoilers in the second half, but let me start by telling you what the Sprout is.",https://player.vimeo.com/video/81708430?app_id=122963
https://quantifiedself.com/show-and-tell/?project=317,stress,sensor,,https://player.vimeo.com/video/78071416?app_id=122963
https://quantifiedself.com/show-and-tell/?project=324,sleep  |  stress,Jawbone | tinke,,https://player.vimeo.com/video/103282807?app_id=122963
https://quantifiedself.com/show-and-tell/?project=325,social life & social media,pen and paper | phone,"Hello everybody, thank you for having me and thank you everyone else. Unlike everyone else I haven’t put a huge amount of thought study or analysis that you’re about to see. Neither have I produced anything unless you count him. My baby boy who was born last year, and I’m a very proud father and if you would like to see some more photo’s I’ve got lots; just come and see me afterwards.",https://player.vimeo.com/video/20726226?app_id=122963
https://quantifiedself.com/show-and-tell/?project=326,social life & social media,camera | Photos,"January at midnight and have a photo every hour. We didn’t manage to setup everything behind it to get the upload automated to ge the information from the weather station we built it on the rooftop and to connect to the local trending topic on Twitter, because those these we posted on the website.",https://player.vimeo.com/video/91070436?app_id=122963
https://quantifiedself.com/show-and-tell/?project=333,diet and weight loss  |  sleep,Journal | phone,"Hi, I’m Rob Rothfarb and I’m going to talk a little bit about the medical tracking that I do. I’ve been tracking my personal health data as a proactive patient for many years. Empowered recently by new tools for tracking and discovery that can help me stay on top of health issues that I have, and to have productive conversations and interactions with my medical team.",https://player.vimeo.com/video/75620034?app_id=122963
https://quantifiedself.com/show-and-tell/?project=341,heart rate / cardiovascular  |  social life & social media,heart rate monitor,"Hi everyone my name is Kiel Gilleade and I’m doing a follow-up talk to the one I gave at the first Quantified Self London talk, where I presented a system called the Bodies Blogger. Now my research background is I work at John Moores University and my research background is in physiological computing. This is where we use physiological signals to drive computing systems for various means such as games, health and such.",https://player.vimeo.com/video/36278670?app_id=122963
https://quantifiedself.com/show-and-tell/?project=343,media  |  mood & emotion  |  social life & social media,Fitbit Flex | Google Sheets | Scosche Rhythm,,https://player.vimeo.com/video/103711750?app_id=122963
https://quantifiedself.com/show-and-tell/?project=345,heart rate / cardiovascular  |  stress,memory belt | pen and paper,"I have a background in measuring happiness, but I wanted to do something that can also be measured objectively. So in this tool I’m going to talk about one, how you can measure stress and I think there are two methods basically. First, it’s going to be more subjective and you can ask yourself how stressed am I on a scale of 1 to 10 or something. And the second thing is maybe you can measure it objectively. We have seen the heart rate we have seen some sort of brainwaves and there are more other ways like skin conductivity or stuff like that.",https://player.vimeo.com/video/35869898?app_id=122963
https://quantifiedself.com/show-and-tell/?project=349,chronic condition  |  diet and weight loss  |  sleep,Excel | Fitbit,,https://player.vimeo.com/video/84443953?app_id=122963
https://quantifiedself.com/show-and-tell/?project=351,heart rate / cardiovascular  |  sports & fitness,Check My Level,"So my name is Philipp Kalwies. I’m the co-founder of the meet up group in Hamburg, Germany, and today I would like to talk about measuring training often and measuring training readiness with this special QS device. It’s still not open, and it’s still very very new and that’s why I’m very excited to talk about it.",https://player.vimeo.com/video/69808656?app_id=122963
https://quantifiedself.com/show-and-tell/?project=353,productivity,floss,So about five years ago I went to the dentist and my dentist as I was leaving his office he said Nicholas remember floss the teeth if you want to keep and to keep in mind this was five years ago and this was before any of my journey of change started. And he said that to me as a kind of a throwaway line but then months later I couldn’t get it out of my head because I wanted to keep all my teeth.,https://player.vimeo.com/video/32410437?app_id=122963
https://quantifiedself.com/show-and-tell/?project=354,diet and weight loss  |  heart rate / cardiovascular  |  sleep,Excel | Fitbit,"All right, thank you Gary, thank you Ernesto, thank you everybody. Gary mentioned I was here back in January and did my first talk post diagnosis. I’ve been a Quantified Selfer since I was about this tall, but got really serious when I got diagnose about a year and a half ago.",https://player.vimeo.com/video/102199473?app_id=122963
https://quantifiedself.com/show-and-tell/?project=360,diet and weight loss  |  sports & fitness,CrossFit,,https://player.vimeo.com/video/29391391?app_id=122963
https://quantifiedself.com/show-and-tell/?project=367,productivity,Google Sheets | phone,,https://player.vimeo.com/video/98336392?app_id=122963
https://quantifiedself.com/show-and-tell/?project=372,chronic condition,video clip,", here’s what happened. I was walking through a lunch restaurant with my tray on to where you put the dishes when a thought came into my head. If I was to spot someone I recognize now I would probably fall, and I had literally not finished the though when I found myself o my kneed in the middle of the restaurant surrounded by lots of surprised people. The person that I recognized was incidentally one of the supervisors from my Ph.D. as well as a practicing neurologist and researcher came up to me and took my tray. And I stumbled back on my feet and I took a bow to acknowledge the applause I was given for not dropping my tray. I actually didn’t drop my tray when I fell down to my knees. I couldn’t do that in a million years if I practiced.",https://player.vimeo.com/video/101714345?app_id=122963
https://quantifiedself.com/show-and-tell/?project=375,media  |  stress,Photos,,https://player.vimeo.com/video/35843828?app_id=122963
https://quantifiedself.com/show-and-tell/?project=379,heart rate / cardiovascular,sensor,So I want to share the experience that we have in our center for bio electronics and biosensors at Arizona State University and a spin off from Arizona State.,https://player.vimeo.com/video/81504362?app_id=122963
https://quantifiedself.com/show-and-tell/?project=381,metabolism,Blood glucose monitor | Statwing,"Hi everyone my name is Bob and today I’m going to share with you an experiment I’ve been running for the past few months related to tracking and understanding my glucose. So there’s three questions and obviously we have to stand up her and answer what did we do, how did we do it, and what did we learn. But I want to take a step back and actually answer four, why.",https://player.vimeo.com/video/96591413?app_id=122963
https://quantifiedself.com/show-and-tell/?project=382,sports & fitness,Nike+ FuelBand,"Hello, so I’m here to give a brief talk about the Nike Fuelband. I got one at Christmas. I have no official association with Nike, so definitely don’t take this as an ad.",https://player.vimeo.com/video/96617939?app_id=122963
https://quantifiedself.com/show-and-tell/?project=389,social life & social media  |  stress,Excel | Photos,,https://player.vimeo.com/video/79453884?app_id=122963
https://quantifiedself.com/show-and-tell/?project=398,sports & fitness  |  stress,sensor,,https://player.vimeo.com/video/96617796?app_id=122963
https://quantifiedself.com/show-and-tell/?project=403,media  |  mood & emotion,Excel | sensor,"Hi everyone, my name’s Kiel Gilleade and this is me, or to be precise this is me in 2001. This is a visualization of all the heart data I tracked for a project called body blogger which I presented here back in 2001. This is a heat map during the course of that year.",https://player.vimeo.com/video/97117886?app_id=122963
https://quantifiedself.com/show-and-tell/?project=404,social life & social media,Journal | pen and paper,"Hello everyone, my name is Morris and shortly after turning 40 I was listening to a time management audiobook, and funnily enough this audiobook said I should spend more time thinking on paper.",https://player.vimeo.com/video/98385763?app_id=122963
https://quantifiedself.com/show-and-tell/?project=407,heart rate / cardiovascular  |  sports & fitness,goggles,,https://player.vimeo.com/video/36272221?app_id=122963
https://quantifiedself.com/show-and-tell/?project=423,heart rate / cardiovascular,pen and paper | phone,Get out your pens and start writing down.,https://player.vimeo.com/video/81708431?app_id=122963
https://quantifiedself.com/show-and-tell/?project=424,chronic condition,phone,,https://player.vimeo.com/video/31874427?app_id=122963
https://quantifiedself.com/show-and-tell/?project=426,cognition  |  mood & emotion,Google Sheets | phone,Tracking your brain on booze Boozerlyzer by Caspar Addyman,https://player.vimeo.com/video/35847904?app_id=122963
https://quantifiedself.com/show-and-tell/?project=430,cognition  |  mood & emotion,PACO,,https://player.vimeo.com/video/78071417?app_id=122963
https://quantifiedself.com/show-and-tell/?project=449,chronic condition  |  metabolism,Blood glucose monitor,"So good afternoon, my name is David. I do strategy at Intel Corporate, but I’m here to talk about diabetes as a way of life. I have diabetes. I’ve had diabetes for about 15 years now and I’ll tell you at Quantify Self you can imagine my diagnosis. Sold diabetes Type I is really the interplay of as a way of life, and interplay between carbs, your blood sugar, and the amount of insulin you inject. So by design you know way before the term was coined, it’s considered to be Quantified Self examples.",https://player.vimeo.com/video/69815793?app_id=122963
https://quantifiedself.com/show-and-tell/?project=450,productivity,Lift,day.,https://player.vimeo.com/video/89497779?app_id=122963
https://quantifiedself.com/show-and-tell/?project=454,sports & fitness,VO2Max,"Okay so I know that Steve was interested in hearing about this and I’m sure a couple of other people will be as well. I’m Dave Miller, I’m a competitive cyclist and also a student at MY getting my master’s degree in persuasive technology, so how can technology influence behaviour hopefully for positive ends. And as a competitive cyclist I was interested in getting  a VO2Max test, which assesses your potential.",https://player.vimeo.com/video/22780280?app_id=122963
https://quantifiedself.com/show-and-tell/?project=462,diet and weight loss  |  sports & fitness,Runkeeper | Strava,"Hi, I’m Adrienne and I’m going to tell you about my unwitting participation in a Quantified Self experiment. So we’re going to start with a little bit of a background around energy store and metabolism.",https://player.vimeo.com/video/96595258?app_id=122963
https://quantifiedself.com/show-and-tell/?project=468,heart rate / cardiovascular,Fitbit | Polar Loop,"My talk is about visualizing heart rate data and I will talk about a possible way to represent measure daily values with a curve that could also be used as a baseline for comparisons. But first, a little bit of an introduction.",https://player.vimeo.com/video/103711749?app_id=122963
https://quantifiedself.com/show-and-tell/?project=470,mood & emotion,750 Words | google forms | Journal,Good morning. My name is Dana Greenfield and I’m giving a talk which is called Leaning into Grief and I would like to thank Gary for inviting me here today to share my story.,https://player.vimeo.com/video/96591406?app_id=122963
https://quantifiedself.com/show-and-tell/?project=472,diet and weight loss  |  food tracking  |  productivity,Fitbit,Justin Foo - 15 Weeks of Self Tracking - 40 Pounds Lost,https://player.vimeo.com/video/49707940?app_id=122963
https://quantifiedself.com/show-and-tell/?project=479,chronic condition,pen and paper,"Hi I didn’t expect to be talking today, so this will be a talk that I gave on Monday in London and a preview of the talks that I will give that I will give to Medicine Ex on Friday, but also from the talk that I gave from the QS Amsterdam in May, so here goes.",https://player.vimeo.com/video/75622923?app_id=122963
https://quantifiedself.com/show-and-tell/?project=483,productivity,Fitbit | pen and paper,I’m Anne Prahl doing a Ph.D. researcher at the University of Arts at London exploring wearable devices in textiles. So today I’m here to share with you how I really got into Qualified Self and how I have used self-tracking to inspire my research project and hopefully contribute to it a little bit as well.,https://player.vimeo.com/video/68775423?app_id=122963
https://quantifiedself.com/show-and-tell/?project=485,productivity,Google | pen and paper,Debbie Chaves A Librarian in Numbers,https://player.vimeo.com/video/100583399?app_id=122963
https://quantifiedself.com/show-and-tell/?project=495,heart rate / cardiovascular  |  stress,phone,,https://player.vimeo.com/video/84389057?app_id=122963
https://quantifiedself.com/show-and-tell/?project=497,diet and weight loss  |  food tracking,23andMe,,https://player.vimeo.com/video/98792886?app_id=122963
https://quantifiedself.com/show-and-tell/?project=499,productivity,HoursTracker | phone,,https://player.vimeo.com/video/80968838?app_id=122963
https://quantifiedself.com/show-and-tell/?project=502,money,Mint | You Need a Budget,,https://player.vimeo.com/video/101739500?app_id=122963
https://quantifiedself.com/show-and-tell/?project=503,chronic condition,Journal,,https://player.vimeo.com/video/85097277?app_id=122963
https://quantifiedself.com/show-and-tell/?project=510,sports & fitness  |  stress,tinke,Tinké and this is a very small device over here and what I learned from using Tinké .,https://player.vimeo.com/video/79453885?app_id=122963
https://quantifiedself.com/show-and-tell/?project=513,mood & emotion,Mood Tracker,,https://player.vimeo.com/video/52234514?app_id=122963
https://quantifiedself.com/show-and-tell/?project=514,cognition  |  sleep,Blood glucose monitor | zeo,"For quite a while I’ve been suffering from consistent fatigue and mental fog, and I wasn’t quite sure what it was and then about two years ago I was diagnosed with sleep apnea. So I’ve been treating that with a CPAP and it’s not been too helpful as (I’ve mental signs again?), it hasn’t produced, you know I don’t feel like I did when I was 20.",https://player.vimeo.com/video/59693913?app_id=122963
https://quantifiedself.com/show-and-tell/?project=517,diet and weight loss  |  food tracking  |  stress,Phillips exercise tracker | scale,,https://player.vimeo.com/video/36274355?app_id=122963
https://quantifiedself.com/show-and-tell/?project=521,productivity,Excel | Good Reads,,https://player.vimeo.com/video/85851221?app_id=122963
https://quantifiedself.com/show-and-tell/?project=529,productivity,RescueTime,"Yes, well this is easy because it requires no response. Binary is the next easiest so like did you do it, or did you not do it, and then there’s the you know how many hours of meaningful work did you have to day, which is almost impossible to answer.",https://player.vimeo.com/video/31403630?app_id=122963
https://quantifiedself.com/show-and-tell/?project=530,chronic condition  |  heart rate / cardiovascular,finger clip machine,Century so that’s quite a long time. But it was discovered by the Framingham Heart Study and maybe you’ve heard it because that’s the same study that has discovered cholesterol and blood pressure as respect for cardiovascular health 50 years ago.,https://player.vimeo.com/video/69615435?app_id=122963
https://quantifiedself.com/show-and-tell/?project=534,diet and weight loss  |  food tracking,Excel,,https://player.vimeo.com/video/36268307?app_id=122963
https://quantifiedself.com/show-and-tell/?project=536,mood & emotion  |  social life & social media,Photos,"What is interesting as we’re just drowning in this sea of information, the ability to collect this information is a lot cheaper. All of us are walking around with these little devices, we’re all generating this sort of data exhaust, and everybody in this room knows about this but the fact that we are now able to see patterns and understand things is that this data was always there, but we’re now able to have a new sort of understanding to what this means.",https://player.vimeo.com/video/37869516?app_id=122963
https://quantifiedself.com/show-and-tell/?project=538,chronic condition  |  stress,Excel,I’ve spent the last four years thinking about variations on that fantastic quote of how do we disseminate what we’ve learned. And I find sometimes that it’s difficult for me personally even although I’ve got a decade or more training as a scientist to take an example and apply it in my own context.,https://player.vimeo.com/video/77503681?app_id=122963
https://quantifiedself.com/show-and-tell/?project=548,social life & social media,Photos,"Street station. This is a picture of Bart station, and this is a picture of the ELUA Hotel, which I just love and have to take a photo almost every time I go by, and user license agreement.",https://player.vimeo.com/video/75620036?app_id=122963
https://quantifiedself.com/show-and-tell/?project=549,food tracking  |  sleep,clock | phone,,https://player.vimeo.com/video/35872291?app_id=122963
https://quantifiedself.com/show-and-tell/?project=550,productivity,Data Sense,"Hi I’m Dawn. I’m an anthropologist who’s been studying QS for a little while now, and one of the things that happened in doing that is that it changed my assumptions and my stereotypes about what working with data’s really like.",https://player.vimeo.com/video/96158932?app_id=122963
https://quantifiedself.com/show-and-tell/?project=551,sleep  |  social life & social media,zeo,"I’m Eri, nice to meet you, and I am talking about social studies. This is like Quantified Self but Quantified Us, so I pushed the boundaries a little bit to make it not just about an individual, because we’ve already talked about how motivation changes when other people are in the game and it’s the same for me.",https://player.vimeo.com/video/28735663?app_id=122963
https://quantifiedself.com/show-and-tell/?project=553,diet and weight loss  |  stress,phone | SleepCycle,,https://player.vimeo.com/video/77972738?app_id=122963
https://quantifiedself.com/show-and-tell/?project=563,food tracking  |  sleep,Mymee,Thomas Blomseth - Debugging My Allergy,https://player.vimeo.com/video/33126338?app_id=122963
https://quantifiedself.com/show-and-tell/?project=574,sleep,phone | sensor,Laurie Frick Experiments in Self-Tracking,https://player.vimeo.com/video/97117881?app_id=122963
https://quantifiedself.com/show-and-tell/?project=576,chronic condition,Notes | pen and paper,"Stefan Hoevenaar My Father, a Quantified Diabetic",https://player.vimeo.com/video/100583401?app_id=122963
https://quantifiedself.com/show-and-tell/?project=578,mood & emotion  |  stress,Taplog,Paul LaFontaine We Never Fight on Wednesday,https://player.vimeo.com/video/101714346?app_id=122963
https://quantifiedself.com/show-and-tell/?project=581,diet and weight loss  |  metabolism,test strip,Robert Rothfarb -Tracking my Blood Anticoagulation Drug,https://player.vimeo.com/video/84389058?app_id=122963
https://quantifiedself.com/show-and-tell/?project=582,social life & social media,Measured Me,Konstantin Augemberg - 100 Days of Summer,https://player.vimeo.com/video/79776556?app_id=122963
https://quantifiedself.com/show-and-tell/?project=590,mood & emotion,Fitbit,CBT,https://player.vimeo.com/video/66544671?app_id=122963
https://quantifiedself.com/show-and-tell/?project=591,productivity,Excel,For me doing is a form of knowing- triggering my actions with data by Denis Harscoat,https://player.vimeo.com/video/35965906?app_id=122963
https://quantifiedself.com/show-and-tell/?project=592,sports & fitness,observation,Mark Moschel - Can a 5’7” Person Learn to Dunk a Basketball,https://player.vimeo.com/video/85097278?app_id=122963
https://quantifiedself.com/show-and-tell/?project=597,chronic condition  |  diet and weight loss,Excel,Brain Optimization,https://player.vimeo.com/video/100057325?app_id=122963
https://quantifiedself.com/show-and-tell/?project=598,sports & fitness,Garmin GPS | pedometer,"I’m Julie Price and I have been tracking my running mileage for the past 10 years, while training for 15 marathons. Over this time I have iterated my planning, and tracking and training, and I’m going to talk you through what I learned.",https://player.vimeo.com/video/79674486?app_id=122963
https://quantifiedself.com/show-and-tell/?project=603,chronic condition  |  mood & emotion,sensor | test strip,"My name is Nancy Dougherty and I’m here to talk to you a little bit about my detox from all things quantified and how much healthier I got doing this and how deeply disturbing that was to me, so it didn’t seem to make any sense.",https://player.vimeo.com/video/82215892?app_id=122963
https://quantifiedself.com/show-and-tell/?project=605,genome & microbiome  |  mood & emotion,Fitbit | pen and paper,"Hi there. I’m Stuart Calimport and I’m going to be talking about memomics and the longevity interaction, so thank you for having me.",https://player.vimeo.com/video/81593666?app_id=122963
https://quantifiedself.com/show-and-tell/?project=607,diet and weight loss  |  sports & fitness,Google | Journal,Richard Harrison - How I Lost 200 Lbs,https://player.vimeo.com/video/83272870?app_id=122963
https://quantifiedself.com/show-and-tell/?project=610,diet and weight loss  |  food tracking,Notes | Photos,Weight loss trough embodied learning by Robin Barooah,https://player.vimeo.com/video/36270681?app_id=122963
https://quantifiedself.com/show-and-tell/?project=613,diet and weight loss  |  food tracking,Excel,Dan Dascalescu - A 30 Day Trial of the Slow Carb Diet,https://player.vimeo.com/video/83272869?app_id=122963
https://quantifiedself.com/show-and-tell/?project=619,cognition,chart | sensor,Adam Laughlin - Inside - Boston QS,https://player.vimeo.com/video/85851222?app_id=122963
https://quantifiedself.com/show-and-tell/?project=620,chronic condition  |  productivity,Excel,,https://player.vimeo.com/video/96616926?app_id=122963
https://quantifiedself.com/show-and-tell/?project=622,diet and weight loss  |  sports & fitness,Fitbit | phone,"I would like to start with a few words about myself. I’m a maker and I like to build stuff and build devices, sensor devices and collect and analyze data and I’m very data curious. I also blog about the Internet Of Things. So this means I spend a lot of time sitting in front of a computer and combined with the fact I work at home, this is really bad for my health. People in the US say that sitting is the new smoking and it can turn very bad for you directly or indirectly. For me the direct negative effects is the fact that I’ve been getting a lot of weight for the last 10 years since I graduated and started working, plus the fact that my blood cholesterol is raising and abnormal for my age.",https://player.vimeo.com/video/69815248?app_id=122963
https://quantifiedself.com/show-and-tell/?project=623,cognition  |  social life & social media,sticky notes | Word,"I am on a quest to experience as much in life as possible, and I’m here to share a bit of that story, if that’s okay with you. You can find me at @jamesnorris_ on Twitter.",https://player.vimeo.com/video/106520298?app_id=122963
https://quantifiedself.com/show-and-tell/?project=628,cognition  |  media,meme | video clip,Robert DeSaulniers - Tracking a Memetic Diet - Boston QS,https://player.vimeo.com/video/96775693?app_id=122963
https://quantifiedself.com/show-and-tell/?project=631,social life & social media,phone | Saga,Kitty Ireland - Grandma Was A Lifelogger,https://player.vimeo.com/video/78251001?app_id=122963
https://quantifiedself.com/show-and-tell/?project=633,diet and weight loss  |  social life & social media,scale,Steve Dean Tracking over Time,https://player.vimeo.com/video/99536156?app_id=122963
https://quantifiedself.com/show-and-tell/?project=638,media,Photos | video clip,Roger Craig - Knowledge Tracking,https://player.vimeo.com/video/29001512?app_id=122963
https://quantifiedself.com/show-and-tell/?project=639,social life & social media,Fitbit | foursquare,Lee Rogers Why Annual Reporting,https://player.vimeo.com/video/102150945?app_id=122963
https://quantifiedself.com/show-and-tell/?project=640,cognition  |  mood & emotion,EEG (Electroencephalography) | phone,My experience with a smartphone brainscanner by Jakob Eg Larsen,https://player.vimeo.com/video/35842257?app_id=122963
https://quantifiedself.com/show-and-tell/?project=641,chronic condition  |  metabolism,Blood glucose monitor | Notes,Brooks Kincaid - A Diabetic's Experiment with Self Quantification,https://player.vimeo.com/video/54881152?app_id=122963
https://quantifiedself.com/show-and-tell/?project=642,mood & emotion  |  stress,O.Zen | sensor,Olivier Janin - Playing with my Breath,https://player.vimeo.com/video/82754630?app_id=122963
https://quantifiedself.com/show-and-tell/?project=646,chronic condition  |  food tracking,Mymee | pen and paper,Thomas Christiansen - Debugging My Allergy,https://player.vimeo.com/video/31874584?app_id=122963
https://quantifiedself.com/show-and-tell/?project=647,productivity  |  social life & social media,Google Calendar,Catherine Hooper - Hour-Tracking for Priority Optimization,https://player.vimeo.com/video/32106581?app_id=122963
https://quantifiedself.com/show-and-tell/?project=648,diet and weight loss  |  sports & fitness,Fitbit | scale,Bill Schuller - QS Adventures with my Kids,https://player.vimeo.com/video/82754629?app_id=122963
https://quantifiedself.com/show-and-tell/?project=652,sports & fitness  |  stress,light box | simulation device,Josh Berson Cartographies of Vigilance,https://player.vimeo.com/video/100986322?app_id=122963
https://quantifiedself.com/show-and-tell/?project=660,media,meme,Chris Dancy - Data Cartography The Journey to Existence Mapping,https://player.vimeo.com/video/77972739?app_id=122963
https://quantifiedself.com/show-and-tell/?project=668,social life & social media,Journal | Photos,Hi I’m Karen Herzog and this is Richard Sachs my husband and we’re going to share Sophia’s story with you.,https://player.vimeo.com/video/14282114?app_id=122963
https://quantifiedself.com/show-and-tell/?project=669,mood & emotion  |  sports & fitness,Journal,Troy Angrignon - QS Tools for Military Style Training,https://player.vimeo.com/video/63277770?app_id=122963
https://quantifiedself.com/show-and-tell/?project=670,diet and weight loss,Excel | sensor,"Good morning everyone. First, thank you all for welcoming me here. I do take it as a privilege to be here. This is a surreal and a little bit frightening experience for me. It feels like in many ways at the end of a pilgrimage.",https://player.vimeo.com/video/96591408?app_id=122963
https://quantifiedself.com/show-and-tell/?project=686,productivity,Excel,Ryan Floyd Improving Time Management,https://player.vimeo.com/video/62824227?app_id=122963
https://quantifiedself.com/show-and-tell/?project=691,social life & social media,Journal,"Welcome, it’s my first time on the Quantified Self conference. My name is Mariusz, I’m one of those people who never participated in any of those events or meet ups, from a country which doesn’t have a market, New Zealand. So maybe we’ll just start.",https://player.vimeo.com/video/66508287?app_id=122963
https://quantifiedself.com/show-and-tell/?project=695,food tracking,the Eatery,Sara Cambridge Lessons From Food Tracking,https://player.vimeo.com/video/62746426?app_id=122963
https://quantifiedself.com/show-and-tell/?project=698,cognition,SuperMemo,version.,https://player.vimeo.com/video/44499957?app_id=122963
https://quantifiedself.com/show-and-tell/?project=701,media  |  social life & social media,Photos,Rob Shields - A Photo Every Minute One Year Later,https://player.vimeo.com/video/84767605?app_id=122963
https://quantifiedself.com/show-and-tell/?project=704,sleep  |  sports & fitness,Nike+ FuelBand,"Eric Jain - Lies, Damn Lies, and Correlations",https://player.vimeo.com/video/79674487?app_id=122963
https://quantifiedself.com/show-and-tell/?project=707,chronic condition  |  metabolism,Blood glucose monitor | Fitbit,Vivienne Ming - Tracking my Son’s Diabetes,https://player.vimeo.com/video/81272562?app_id=122963
https://quantifiedself.com/show-and-tell/?project=710,media,phone,John Moore - New Media Medicine - Boston Q,https://player.vimeo.com/video/67619482?app_id=122963
https://quantifiedself.com/show-and-tell/?project=714,chronic condition  |  food tracking,Google,"So my name is Katy and I’m going to talk to you about how I regained my health as well as my well-being, like my current health, my previous health, and my future health and generally became a better person.",https://player.vimeo.com/video/83272871?app_id=122963
https://quantifiedself.com/show-and-tell/?project=718,mood & emotion,Mappiness,Alex Tarling Meta-Effects of Happiness Tracking,https://player.vimeo.com/video/98537752?app_id=122963
https://quantifiedself.com/show-and-tell/?project=723,mood & emotion,Happsee | phone,Vik Paruchuri - Happsee,https://player.vimeo.com/video/85851223?app_id=122963
https://quantifiedself.com/show-and-tell/?project=726,productivity  |  social life & social media,Fitbit | zeo,"There is a Fitbit connector and I don’t think there are any apps created for it, but if it lets me connect to my account then I’ll make one. A lot of the health stuff there is going to be a lot of focus going for it. I’m not affiliated in any way with Singly but I send them my requests from GitHub and what not, so I’ve submitted code, but I’m super interested in making  this into something that’s really hospitable to people to put there self into Quantified Self sleep tracking, emotions, moods and using a Mood Scope connector is something that I would like to see. I’m curious if you have any ideas of apps or desk sources that people want in there differently let me know.",https://player.vimeo.com/video/38046452?app_id=122963
https://quantifiedself.com/show-and-tell/?project=730,money,Google Sheets,Ewart de Visser - QS  1 Tracking My Friend's Trading Performance,https://player.vimeo.com/video/36160272?app_id=122963
https://quantifiedself.com/show-and-tell/?project=739,money,Excel,Natty Hoffman - The Enlightened Consumer - Boston QS,https://player.vimeo.com/video/96775694?app_id=122963
https://quantifiedself.com/show-and-tell/?project=746,metabolism,test strip,or I’m on Twitter as soychemist because I’m a vegetarian and I’m a chemist.,https://player.vimeo.com/video/84443950?app_id=122963
https://quantifiedself.com/show-and-tell/?project=749,diet and weight loss  |  metabolism,Jawbone,,https://player.vimeo.com/video/97650724?app_id=122963
https://quantifiedself.com/show-and-tell/?project=750,chronic condition  |  sleep,Fitbit | zeo,Hi everyone. I thought I was going to have 20 minutes with what I wanted to come up to say but I’m first.,https://player.vimeo.com/video/28983606?app_id=122963
https://quantifiedself.com/show-and-tell/?project=756,sleep,Basis B1 Band,Maria Benet Putting Numbers to Sleep,https://player.vimeo.com/video/118757668?app_id=122963
https://quantifiedself.com/show-and-tell/?project=757,cognition  |  mood & emotion,SuperMemo,QS Conference 2012-Steven Jonas-Memory and Learning,https://player.vimeo.com/video/69692188?app_id=122963
https://quantifiedself.com/show-and-tell/?project=758,mood & emotion,Google Sheets | Notes,Ashish Mukharji on Tracking Happiness,https://player.vimeo.com/video/69554239?app_id=122963
https://quantifiedself.com/show-and-tell/?project=759,mood & emotion,pen and paper | phone,"So how many of you have heard of the concept, heard the idea of a gratitude list? And how many have actually done it?",https://player.vimeo.com/video/127718803?app_id=122963
https://quantifiedself.com/show-and-tell/?project=764,cognition,SuperMemo,"Hello, today I’m going to talk about this project I did during the past year where I tried to memorize individual days of my life. To do this I used a tool that is called Supermemo. It’s a piece of software and it uses a technique that is called spaced repetition.",https://player.vimeo.com/video/112514140?app_id=122963
https://quantifiedself.com/show-and-tell/?project=765,ovulatory cycle & pregnancy  |  productivity,Facebook Stats | Period Diary,"Ahnjili Zhuparris “Menstrual Cycles, 50 Cent, and Right Swipes”",https://player.vimeo.com/video/151149664?app_id=122963
https://quantifiedself.com/show-and-tell/?project=767,media,Photos,Untitled,https://player.vimeo.com/video/69695474?app_id=122963
https://quantifiedself.com/show-and-tell/?project=769,heart rate / cardiovascular  |  stress,Polar | rMSSD,"session I came up with a strategy that worked. I said a-ha, I found a way that I could actually improve my score and I believed that I cracked the code. So it was all completely an internal belief that when it was nothing to do with my actual score that if you remember that was linear that went up.",https://player.vimeo.com/video/114046349?app_id=122963
https://quantifiedself.com/show-and-tell/?project=772,sleep,Galaxy Gear | Hexoskin,polysomnography for sleep/wake. And out of all the devices it was really the only one that I wasn’t uncomfortable wearing and it also has a really good battery life.,https://player.vimeo.com/video/147795261?app_id=122963
https://quantifiedself.com/show-and-tell/?project=773,media,Photos,"You can also look at it as a kind of a sort of sarcastic take on you know like what progression, what advancement is, what motivation he’s going through. Like will you be motivated after reaching only 33% of your intended goals.",https://player.vimeo.com/video/147673339?app_id=122963
https://quantifiedself.com/show-and-tell/?project=775,social life & social media,Excel | phone,Morgan Friedman,https://player.vimeo.com/video/149086551?app_id=122963
https://quantifiedself.com/show-and-tell/?project=776,chronic condition,pen and paper,Quantified Self Public Health Symposium - Ian Eslick,https://player.vimeo.com/video/96038178?app_id=122963
https://quantifiedself.com/show-and-tell/?project=777,genome & microbiome,Excel | uBiome,"I may try the rice thing. I have tried cooled down potato, which is a slightly different starch. But maybe I will try this and if it affects the same bacterium I don’t think it will change.",https://player.vimeo.com/video/134622113?app_id=122963
https://quantifiedself.com/show-and-tell/?project=778,chronic condition  |  sleep,Fitbit | Withings Scale,"Andreas Schreiber “Tracking After A Stroke—Doctors, Dogs, And All The Rest”",https://player.vimeo.com/video/152595571?app_id=122963
https://quantifiedself.com/show-and-tell/?project=779,chronic condition,Blood glucose monitor,Dana Lewis We Are Not Waiting,https://player.vimeo.com/video/130266723?app_id=122963
https://quantifiedself.com/show-and-tell/?project=780,heart rate / cardiovascular  |  stress,Bulletproof HRV Sense | Polar,Bill Schuller “How I Measured This Talk”,https://player.vimeo.com/video/147673344?app_id=122963
https://quantifiedself.com/show-and-tell/?project=781,media  |  social life & social media,Photos | Plex,Mark Krynsky - Digital Preservation,https://player.vimeo.com/video/95537427?app_id=122963
https://quantifiedself.com/show-and-tell/?project=783,chronic condition  |  diet and weight loss,food | Notes,,https://player.vimeo.com/video/151085670?app_id=122963
https://quantifiedself.com/show-and-tell/?project=784,sleep,Sleep Cycle,Peter Joosten “What I learned From Extensive Morning Tracking”,https://player.vimeo.com/video/151149656?app_id=122963
https://quantifiedself.com/show-and-tell/?project=787,cognition  |  productivity,Habit RPG | Sleepio,Maggie Delano Building Myself Back Up,https://player.vimeo.com/video/136151534?app_id=122963
https://quantifiedself.com/show-and-tell/?project=791,cognition  |  media,video clip,QS Conference 2012,https://player.vimeo.com/video/70514388?app_id=122963
https://quantifiedself.com/show-and-tell/?project=794,productivity  |  social life & social media,Journal | Jump,I’m really honored to be kicking off the conference and sharing with you today about how creating some beautiful graphs of my diet and fitness data has really helped me to understand my past patterns. But it’s also helped me to identify some habits that I really need to change.,https://player.vimeo.com/video/141501825?app_id=122963
https://quantifiedself.com/show-and-tell/?project=797,diet and weight loss  |  food tracking,I can make you thin | Saladpalooza,"Julie Price 30lbs of Family Visits, Races, and Games",https://player.vimeo.com/video/114046346?app_id=122963
https://quantifiedself.com/show-and-tell/?project=798,chronic condition  |  heart rate / cardiovascular,Journal | phone,,https://player.vimeo.com/video/149086543?app_id=122963
https://quantifiedself.com/show-and-tell/?project=803,productivity  |  sleep,Beeminder | Google,Bethany Soule Extreme Productivity,https://player.vimeo.com/video/133234247?app_id=122963
https://quantifiedself.com/show-and-tell/?project=806,sports & fitness,computrainer,Steve Dean Project Faster Tracking to Improve Cycling Performance,https://player.vimeo.com/video/147673336?app_id=122963
https://quantifiedself.com/show-and-tell/?project=808,diet and weight loss  |  food tracking,Journal | scale,Shaun Wallace - n=1 Personal Informatics - Boston,https://player.vimeo.com/video/127886328?app_id=122963
https://quantifiedself.com/show-and-tell/?project=809,productivity  |  social life & social media,LIAM,My name is Tahl Milburn and today we’re going to be talking about Liam. This is a life automation system. It’s a system that gives me a 360 view of my life and it’s automatic. There’s no logging. There’s occasional data correction but that’s about it.,https://player.vimeo.com/video/147799609?app_id=122963
https://quantifiedself.com/show-and-tell/?project=813,productivity  |  social life & social media,Excel,2014-04-29 Quantified Self Toronto - Work-life balance - Laurie Dillon-Schalk,https://player.vimeo.com/video/93334014?app_id=122963
https://quantifiedself.com/show-and-tell/?project=814,sports & fitness  |  stress,Ting,Juliana Chua When Anxiety Knocks,https://player.vimeo.com/video/147387558?app_id=122963
https://quantifiedself.com/show-and-tell/?project=815,diet and weight loss  |  social life & social media,Fitbit | Jawbone,"Nan Shellabarger 28 Years of Tracking, But What Have I Learned",https://player.vimeo.com/video/134980991?app_id=122963
https://quantifiedself.com/show-and-tell/?project=817,sports & fitness,Revvo,"Siva Raj was interested in lowering his blood pressure. With a family history of cardiovascular disease and heart attacks he was worried about slightly elevated blood pressure (pre-hypertension). Despite a regular exercise and healthy diet, his blood pressure measurement didn’t respond. After reading literature about the link between fitness and cardiovascular health, Siva decided to change his training to improve his fitness. He decided to incorporate a increased intensity into his routine. After a short period of time he had increases in this fitness and was able to observe the reduction in blood pressure he was looking for. Siva explains his methods at the Boston QS Meetup group.",https://player.vimeo.com/video/110824064?app_id=122963
https://quantifiedself.com/show-and-tell/?project=818,productivity,Journal,Valerie Lanard “Breaking the TV Habit”,https://player.vimeo.com/video/147673341?app_id=122963
https://quantifiedself.com/show-and-tell/?project=820,mood & emotion,Brainwave Visualizer | Neurosky MindSet,Rocio Chongtay “Quantified Brain and Music for Self-Tuning”,https://player.vimeo.com/video/151210235?app_id=122963
https://quantifiedself.com/show-and-tell/?project=824,metabolism,Ketonix Sport,Robert Ness “Blood vs. Breath”,https://player.vimeo.com/video/147387563?app_id=122963
https://quantifiedself.com/show-and-tell/?project=830,productivity,Excel | Goalmap,,https://player.vimeo.com/video/149086535?app_id=122963
https://quantifiedself.com/show-and-tell/?project=838,productivity,Automatic | RescueTime,"Before moving to Tennessee from Seattle, Robby Macdonnell did not even own a car so driving was a new feeling for him. He started transportation logging and time-tracking after realizing that he was spending more than an hour a day driving. He wanted to have some bragging rights about how he is not as bad as other people when it comes to being a distracted driver. He combined two data streams, using Automatic and RescueTime, to prove that he does not use his phone while driving nearly as often as other drivers. Only the data didn’t agree.",https://player.vimeo.com/video/152595575?app_id=122963
https://quantifiedself.com/show-and-tell/?project=841,social life & social media,GMvault,Shelly Jang Can’t You See I Was Falling In Love,https://player.vimeo.com/video/134642199?app_id=122963
https://quantifiedself.com/show-and-tell/?project=842,sports & fitness,23andMe | Nike app,"Anand Sharma “From April Zero to Gyroscope""",https://player.vimeo.com/video/118757669?app_id=122963
https://quantifiedself.com/show-and-tell/?project=847,sleep  |  stress,scale | Tab Log,Justin Timmer “My Life In 40 Variables”,https://player.vimeo.com/video/152595580?app_id=122963
https://quantifiedself.com/show-and-tell/?project=848,diet and weight loss  |  food tracking,clock | scale,Melinda Watman - Self Tracking The Weight of it All - Boston QS,https://player.vimeo.com/video/127886330?app_id=122963
https://quantifiedself.com/show-and-tell/?project=851,productivity  |  sports & fitness,iPhone | Moves,Jamie Williams A Quest for High Fidelity Activity Tracking,https://player.vimeo.com/video/136151480?app_id=122963
https://quantifiedself.com/show-and-tell/?project=852,cognition  |  diet and weight loss  |  food tracking  |  stress,Innerage,Gil Blander Putting My Blood Metrics in Context,https://player.vimeo.com/video/147387560?app_id=122963
https://quantifiedself.com/show-and-tell/?project=854,money  |  sleep,Google Calendar | Notes,Data From My Year As A Nomad by Mark Moschel,https://player.vimeo.com/video/149086547?app_id=122963
https://quantifiedself.com/show-and-tell/?project=856,chronic condition  |  stress,Excel,"Katie McCurdy ""My Spreadsheet from Hell.""",https://player.vimeo.com/video/148172360?app_id=122963
https://quantifiedself.com/show-and-tell/?project=865,sports & fitness,Excel,Using Self Tracking to Exercise More Efficiently - Laila Zemrani,https://player.vimeo.com/video/151085671?app_id=122963
https://quantifiedself.com/show-and-tell/?project=866,heart rate / cardiovascular,Apple Watch | Basis B1 Band,Gordon Bell Every Heart Beat,https://player.vimeo.com/video/118778589?app_id=122963
https://quantifiedself.com/show-and-tell/?project=867,stress,Maffetone Method,,https://player.vimeo.com/video/151149657?app_id=122963
https://quantifiedself.com/show-and-tell/?project=869,media  |  mood & emotion,gps | map,Stephen Cartwright 17 Years of Location Tracking,https://player.vimeo.com/video/136151535?app_id=122963
https://quantifiedself.com/show-and-tell/?project=870,heart rate / cardiovascular  |  sports & fitness,Garmin GPS | phone,Anand Sharma April Zero and Me,https://player.vimeo.com/video/149086539?app_id=122963
https://quantifiedself.com/show-and-tell/?project=873,media,Garmin GPS,seconds long video clip that represents my journey.,https://player.vimeo.com/video/134855790?app_id=122963
https://quantifiedself.com/show-and-tell/?project=874,chronic condition,Journal,Bryan Ausinheiler Using Self-Tracking to Hack Musculoskeletal Pain,https://player.vimeo.com/video/141501826?app_id=122963
https://quantifiedself.com/show-and-tell/?project=876,sports & fitness,Runkeeper,Valera Vasylenko “A Year In Running”,https://player.vimeo.com/video/151149662?app_id=122963
https://quantifiedself.com/show-and-tell/?project=879,productivity,Google Calendar | GTimeReport,Sebastien Le Tuan Tracking Punctuality,https://player.vimeo.com/video/114046347?app_id=122963
https://quantifiedself.com/show-and-tell/?project=880,sports & fitness,23andMe | Gene Trainer,Ralph Pethica “Using Genetics to Come Back From Injury”,https://player.vimeo.com/video/149086544?app_id=122963
https://quantifiedself.com/show-and-tell/?project=884,other  |  sleep,Dictaphones | Excel | Word,Damien Catani Dreaming in Numbers,https://player.vimeo.com/video/133234248?app_id=122963
https://quantifiedself.com/show-and-tell/?project=887,food tracking  |  social life & social media,Excel | google forms | Notebook,"century and I got a smartphone and after making a few phone calls and also a smartphone I just wanted to look at the apps, and it turned out I became a complete app junkie.",https://player.vimeo.com/video/147387559?app_id=122963
https://quantifiedself.com/show-and-tell/?project=891,cognition  |  stress,The Brain Stimuator | tdcs,JD Leadam “How I Zapped my Brain with a 9V Battery to Overcome Analysis Paralysis”,https://player.vimeo.com/video/147673342?app_id=122963
https://quantifiedself.com/show-and-tell/?project=892,cognition  |  sleep  |  social life & social media,Basis B1 Band | Quantified Mind,Justin Lawler “Improving Mental Focus Through Lifelogging”,https://player.vimeo.com/video/151210236?app_id=122963
https://quantifiedself.com/show-and-tell/?project=901,diet and weight loss  |  money,Excel,"I’m here to talk to you about my adventures in food tracking. I started off with a problem, and the problem was that I wanted to buy sustainable food as much as possible, but I was on a budget. I didn’t feel like I could afford it, and I didn’t know how to manage that decision. Every time I went to the supermarket, I was constantly trying to decide the organic or the conventional carrots, the local or the conventional bread etc., etc. It was like death by a thousand cuts. I didn’t have enough information to manage this decision.",https://player.vimeo.com/video/147795266?app_id=122963
https://quantifiedself.com/show-and-tell/?project=914,diet and weight loss  |  genome & microbiome  |  metabolism,23andMe | Bayer Contour USB,"My name’s Philipp Kalwies. Today, I would like to talk about my experiences measuring my blood sugar. Glucose, actually. There’s no real reason for it because I don’t have diabetes, but glucose is the main energy source of the body, so I decided to track it.",https://player.vimeo.com/video/152595581?app_id=122963
https://quantifiedself.com/show-and-tell/?project=915,cognition  |  diet and weight loss  |  other,tableau | Taplog,"Steven Zhang Concussions, Headaches and the Whole30 Elimination Diet",https://player.vimeo.com/video/133234265?app_id=122963
https://quantifiedself.com/show-and-tell/?project=916,mood & emotion  |  sleep  |  sports & fitness,younlocked,Brian Levine Learning from Self-Report,https://player.vimeo.com/video/130151756?app_id=122963
https://quantifiedself.com/show-and-tell/?project=920,mood & emotion,Mood Print,Kouris Kalligas Re-Living My Life with Mood Tracking,https://player.vimeo.com/video/147387561?app_id=122963
https://quantifiedself.com/show-and-tell/?project=923,food tracking  |  metabolism,Scanadu,"Hi, I’m Jim McCarter. I’m a scientist, doctor, and an athlete, and a professor of genetics and biotech entrepreneur. But when I tell friends that I’ve given up sugar and starch and get 80% of my calories from fat, the first question I get is why.",https://player.vimeo.com/video/147795263?app_id=122963
https://quantifiedself.com/show-and-tell/?project=937,heart rate / cardiovascular,Polar H7 | Sweetwater HRV,Paul LaFontaine Using Heart Rate Variability to Analyze Stress in Conversation,https://player.vimeo.com/video/134855791?app_id=122963
https://quantifiedself.com/show-and-tell/?project=938,environment,AirPi | Electro smart meter | Rasberry Pi,Bob Troia What’s My Indoor Environment Like,https://player.vimeo.com/video/141501827?app_id=122963
https://quantifiedself.com/show-and-tell/?project=941,food tracking  |  mood & emotion,pen and paper,Ellis Bartholomeus Draw a Face a Day,https://player.vimeo.com/video/151149663?app_id=122963
https://quantifiedself.com/show-and-tell/?project=945,money,Google Calendar | google forms,How to Live in NYC with Zero Expenses - Steve Dean,https://player.vimeo.com/video/150964981?app_id=122963
https://quantifiedself.com/show-and-tell/?project=950,genome & microbiome,uBiome,,https://player.vimeo.com/video/133234249?app_id=122963
https://quantifiedself.com/show-and-tell/?project=951,sports & fitness,Fitbit | Garmin GPS | Jawbone,Victor Lee “Quantifying with Kids”,https://player.vimeo.com/video/147673338?app_id=122963
https://quantifiedself.com/show-and-tell/?project=953,heart rate / cardiovascular,Excel,Mark Drangsholt - Conference 2013,https://player.vimeo.com/video/81504364?app_id=122963
https://quantifiedself.com/show-and-tell/?project=964,cognition,iPhone | Zenobase,", that’s six fifty P.M. and it’s Seth’s final brain reaction time test.",https://player.vimeo.com/video/147673343?app_id=122963
https://quantifiedself.com/show-and-tell/?project=968,mood & emotion,scale,Jon Cousins Why I Weighed My Whiskers,https://player.vimeo.com/video/136151533?app_id=122963
https://quantifiedself.com/show-and-tell/?project=989,cognition,Spritz,Kyrill Potapov Finding My Optimum Reading Speed,https://player.vimeo.com/video/152595582?app_id=122963
https://quantifiedself.com/show-and-tell/?project=991,ovulatory cycle & pregnancy,Kindara,"Ilyse Magy Know Thy Cycle, Know Thyself",https://player.vimeo.com/video/133234266?app_id=122963
https://quantifiedself.com/show-and-tell/?project=995,food tracking,Smart phone,Jakob Eg Larsen “How Food Tracking Supported Becoming a Vegetarian”,https://player.vimeo.com/video/147387562?app_id=122963
https://quantifiedself.com/show-and-tell/?project=1001,heart rate / cardiovascular  |  sports & fitness,Revvo,"Feb 12.4, 12.7 so it was a pretty consistent increase.",https://player.vimeo.com/video/148172362?app_id=122963
https://quantifiedself.com/show-and-tell/?project=1009,money,Quicken,"Hi! My name’s Peter Torelli and for 25 years, I collected detailed financial information on every dollar I spent, and I discovered a significant depth to financial data beyond just numbers. So why did I do this?",https://player.vimeo.com/video/164763533?app_id=122963
https://quantifiedself.com/show-and-tell/?project=1025,sleep,Fitbit | Video camera,,https://player.vimeo.com/video/192549778?app_id=122963
https://quantifiedself.com/show-and-tell/?project=1026,diet and weight loss  |  metabolism,Ketone Meter,"My name is Mark Moschel and my presentation is not on the screens. I’m going to be talking about ketones and the ketogenic diet. So, I’ve tried a lot of diets and I’ve been vegetarian, low carbs, low carb gluten free, paleo. I even did a 28-day chipotle diet which is as awesome as it sounds, yes and eventually I found Keto.",https://player.vimeo.com/video/192540525?app_id=122963
https://quantifiedself.com/show-and-tell/?project=1027,metabolism  |  ovulatory cycle & pregnancy,Fitbit | Runkeeper | Withings Scale,Erica Forzani - Tracking Pregnancy and Baby Growth,https://player.vimeo.com/video/192536506?app_id=122963
https://quantifiedself.com/show-and-tell/?project=1028,food tracking  |  sports & fitness,uBiome,"century view on optimizing health and fitness by adding in tracking daily nutrition and tracking biochemistry, but there are actually higher levels than that.",https://player.vimeo.com/video/174783072?app_id=122963
https://quantifiedself.com/show-and-tell/?project=1030,environment  |  other,RescueTime,,https://player.vimeo.com/video/178593596?app_id=122963
https://quantifiedself.com/show-and-tell/?project=1034,sports & fitness  |  genome & microbiome,23andMe | Fitbit Aria,,https://player.vimeo.com/video/174783070?app_id=122963
https://quantifiedself.com/show-and-tell/?project=1038,mood & emotion  |  social life & social media,LIAM,,https://player.vimeo.com/video/192560943?app_id=122963
https://quantifiedself.com/show-and-tell/?project=1039,cognition  |  media,Anki | google forms,,https://player.vimeo.com/video/201898584?app_id=122963
https://quantifiedself.com/show-and-tell/?project=1040,metabolism  |  other,Loop | Open APS,,https://player.vimeo.com/video/201970876?app_id=122963
https://quantifiedself.com/show-and-tell/?project=1041,environment  |  heart rate / cardiovascular,temperature sensors,,https://player.vimeo.com/video/201971749?app_id=122963
https://quantifiedself.com/show-and-tell/?project=1042,mood & emotion,Word Stem Completion,"Jon presented his Words for Mood Measurement self-tracking project at the Bay Area Quantified Self meetup on April 19, 2016. Jon shares his experiments with Word Stem Completion tasks to better understand his mood. These exercises are a kind of projective test in which he consults with Dr. Roy Baumeister’s to help understand the psychology behind the tasks.",https://player.vimeo.com/video/164750188?app_id=122963
https://quantifiedself.com/show-and-tell/?project=1045,productivity,CalenTools | Google Calendar,Productivity and Performance in College by Tiffany Qi,https://player.vimeo.com/video/201973577?app_id=122963
https://quantifiedself.com/show-and-tell/?project=1046,productivity,Excel | Google Calendar | TimeBoost,Eric Mann - Managing My Time with A Dashboard View,https://player.vimeo.com/video/209617067?app_id=122963
https://quantifiedself.com/show-and-tell/?project=1048,genome & microbiome  |  metabolism,Apple Watch,Using Big Data to Manage Health by Mike Snyder,https://player.vimeo.com/video/209582145?app_id=122963
https://quantifiedself.com/show-and-tell/?project=1049,genome & microbiome,uBiome,,https://player.vimeo.com/video/209510097?app_id=122963
https://quantifiedself.com/show-and-tell/?project=1054,mood & emotion,Google | Notes | phone,Robin Weis - Crying,https://player.vimeo.com/video/223685256?app_id=122963
https://quantifiedself.com/show-and-tell/?project=1055,ovulatory cycle & pregnancy,iButtons | laptop,?”,https://player.vimeo.com/video/223696336?app_id=122963
https://quantifiedself.com/show-and-tell/?project=1056,genome & microbiome,Emfit | uBiome,Justin Lawler - Taking on my Osteoporosis,https://player.vimeo.com/video/223700659?app_id=122963
https://quantifiedself.com/show-and-tell/?project=1057,stress,calendar | Notes,Ellis Bartholomeus  - My Health Scars,https://player.vimeo.com/video/226855052?app_id=122963
https://quantifiedself.com/show-and-tell/?project=1060,cognition  |  mood & emotion,Muse,Agnieszka Krzeminska - Does Biofeedback Help Improve Focus and Meditation,https://player.vimeo.com/video/226846314?app_id=122963
https://quantifiedself.com/show-and-tell/?project=1061,environment  |  location,Google | Life Cycle Assessment,where the sustainable level is 2. But if I just stop eating minced meat and beef and stop flying I would actually go below the level and end up 2 tons and that’s a sustainable level.,https://player.vimeo.com/video/226847991?app_id=122963
https://quantifiedself.com/show-and-tell/?project=1062,metabolism,Excel | Freestyle Libre,Gary Wolf - High Frequency Blood Glucose Testing,https://player.vimeo.com/video/226856765?app_id=122963
https://quantifiedself.com/show-and-tell/?project=1063,mood & emotion,Notes | observation,"I work in the tech industry in San Francisco and I wanted to talk about my micro dosing experiment in the last 12 months that helped me with productivity, mood, and social anxiety.",https://player.vimeo.com/video/226857608?app_id=122963
https://quantifiedself.com/show-and-tell/?project=1064,productivity,Fitbit | Google Sheets,John Cottongim - Measuring and Predicting Daily Satisfaction,https://player.vimeo.com/video/226858592?app_id=122963
https://quantifiedself.com/show-and-tell/?project=1065,social life & social media,Journal,Justin Timmer - A Life of Fractals,https://player.vimeo.com/video/226859411?app_id=122963
https://quantifiedself.com/show-and-tell/?project=1066,diet and weight loss,3-D body scanner,"so if you have any comments, ideas or suggestions I would love to read them as well. And I’ll be here for office our, thank you.",https://player.vimeo.com/video/226861328?app_id=122963
https://quantifiedself.com/show-and-tell/?project=1067,metabolism  |  mood & emotion,MindTrack,Tara Thiagarajan - My Metabolic Machinery How It Connects,https://player.vimeo.com/video/226915063?app_id=122963
https://quantifiedself.com/show-and-tell/?project=1068,productivity,| Flixster | Good Reads,Lee Rogers - Setting Goals and Holding Myself To Account,https://player.vimeo.com/video/227173383?app_id=122963
https://quantifiedself.com/show-and-tell/?project=1069,sports & fitness,Fitbit,Cantor Soule-Reeves - Fight For Your Right To Recess,https://player.vimeo.com/video/227173384?app_id=122963
https://quantifiedself.com/show-and-tell/?project=1070,diet and weight loss,Precision Xtra,Mark Moschel - Blood Ketones During Regular Fasting,https://player.vimeo.com/video/227175427?app_id=122963
https://quantifiedself.com/show-and-tell/?project=1071,productivity  |  sports & fitness,Fitbit | Google Sheets,,https://player.vimeo.com/video/227177113?app_id=122963
https://quantifiedself.com/show-and-tell/?project=1072,productivity,Journal | Moments,Joost Plattel – My Phone Use Data,https://player.vimeo.com/video/227178744?app_id=122963
https://quantifiedself.com/show-and-tell/?project=1073,productivity,RescueTime,Krill Potapov - Tracking Productivity for Personal Growth,https://player.vimeo.com/video/227286592?app_id=122963
https://quantifiedself.com/show-and-tell/?project=1074,money,Excel,Lillian Karabaic - What If My Life Was the Economy Of A Small Country,https://player.vimeo.com/video/227181779?app_id=122963
https://quantifiedself.com/show-and-tell/?project=1075,chronic condition,pills,Sara Riggare - Balancing Neurotransmitters in Neurological Illness,https://player.vimeo.com/video/227183537?app_id=122963
https://quantifiedself.com/show-and-tell/?project=1076,chronic condition,Blood glucose monitor | Google Fit,Peter Kok - Diabetes Viz,https://player.vimeo.com/video/227185231?app_id=122963
https://quantifiedself.com/show-and-tell/?project=1077,productivity,diagram,Stephen Fortune - Felt Routines,https://player.vimeo.com/video/227186468?app_id=122963
https://quantifiedself.com/show-and-tell/?project=1078,media  |  productivity,calendar,Stephen Cartwright - Seeing My Data In 3D,https://player.vimeo.com/video/227188464?app_id=122963
https://quantifiedself.com/show-and-tell/?project=1079,ovulatory cycle & pregnancy,Excel,"birthday, at home giving birth to my daughter Avon, who is so full of life and personality and who has made me happier that I could have ever imagined.",https://player.vimeo.com/video/227276393?app_id=122963
https://quantifiedself.com/show-and-tell/?project=1080,sports & fitness,sensor,Shelly Lang - Understanding Fitness With Muscle Activation Data,https://player.vimeo.com/video/227281698?app_id=122963
https://quantifiedself.com/show-and-tell/?project=1082,sleep,Basis B1 Band | Fitbit,I am going to talk about what I have learned and the insights I have obtained from longitudinal tracking my sleep and resting heart rate. I’m an Associate Prof at the Technical University of Denmark. But here I am sort of where myself tracking and talk most about my personal self-tracking.,https://player.vimeo.com/video/227295338?app_id=122963
https://quantifiedself.com/show-and-tell/?project=1083,productivity,Journal,Matt Manhattan - Overthinking Everything I Own,https://player.vimeo.com/video/230066985?app_id=122963
https://quantifiedself.com/show-and-tell/?project=1084,mood & emotion  |  sports & fitness,Notes | Polar,Thomas Blomseth Christiansen - Over Instrumented Running What I Learned From Doing Too Much,https://player.vimeo.com/video/230069030?app_id=122963
https://quantifiedself.com/show-and-tell/?project=1086,sleep,Emfit,"As Terry said I’m an artist and I use personal data and programming to create works. In 2014, I met the nice people from emfit QS. They gave me a sleep tracker in return for an art work.",https://player.vimeo.com/video/230080770?app_id=122963
https://quantifiedself.com/show-and-tell/?project=1087,mood & emotion,R Studio,"I’m Ahnjili and I’m currently a cognitive neuroscientist master student here in the Netherlands. And for my current thesis I’m studying the effects of LSD, Ritalin and Mindfulness on Cognitive flexibility and I’m using R Studio to implement linear regression models and reinforcement learning computational models to understand how these behavioral and pharmacological interventions effect the cognitive domain. So I thought why not expand this to myself.",https://player.vimeo.com/video/226833917?app_id=122963
https://quantifiedself.com/show-and-tell/?project=1088,other,Micropub,"After years of collecting Quantified Self data, Aaron Parecki began moving more of his data onto his personal website rather than letting it sit in someone else's cloud. This insures that his data will stick around even after apps and devices go away.",https://player.vimeo.com/video/251426796?app_id=122963
https://quantifiedself.com/show-and-tell/?project=1090,heart rate / cardiovascular  |  metabolism,CardioChek,"After having a baby recently, Whitney learned that her cholesterol was unusually high and she became curious to understand what the cause was. Given that one side of her family genetics has very high cholesterol, she wondered if it was finally time she had to stop eating so much cheese, or if rather, it was simply high due to having a baby. Using a CardioChek at home, she tested a fairly unusual hypothesis: if she does absolutely nothing, will her cholesterol get better all by itself? After getting more data points than most likely anyone else ever, she happily discovers that her cholesterol did just get better the further away she grew from birth.",https://player.vimeo.com/video/266742252?app_id=122963
https://quantifiedself.com/show-and-tell/?project=1091,sports & fitness,Excel,"Hello everyone. I want to tell you what I’ve learned from tracking my excuses. Okay, that’s not what I set out to do. In 2004, I wasn’t feeling active enough, so I decided to set myself a goal of 120 days. I wanted to exercise 120 days in the coming year, and this is a view of the goal as it progressed through the years. So I set about tracking.",https://player.vimeo.com/video/292358665?app_id=122963
https://quantifiedself.com/show-and-tell/?project=1094,other,Blood glucose monitor | EEG (Electroencephalography) | EKG | iButtons,,https://player.vimeo.com/video/292442417?app_id=122963
https://quantifiedself.com/show-and-tell/?project=1095,other,Journal,"I’m Stephen, and I’d like to talk about a decade of tracking headaches.",https://player.vimeo.com/video/292496854?app_id=122963
https://quantifiedself.com/show-and-tell/?project=1096,ovulatory cycle & pregnancy,Journal | Kindara,"So, my talk is about the times in my cycle when I most likely to experienced eureka moments, but there’s actually eight other times when I also most likely to experience eight additional creative states.",https://player.vimeo.com/video/292495657?app_id=122963
https://quantifiedself.com/show-and-tell/?project=1097,mood & emotion  |  productivity  |  stress,Google Sheets,"So this is about tracking what I do as opposed to what I’ll say that I’m going to do and also scoring satisfaction. So understanding how this actually relates to my satisfaction levels. So this catastrophe that you can see up here hopefully, yes, you can see it was the state of my room and also my life in about 2010.",https://player.vimeo.com/video/292443408?app_id=122963
https://quantifiedself.com/show-and-tell/?project=1098,media  |  sports & fitness,Apple Health | Fitbit | Strava,,https://player.vimeo.com/video/293429256?app_id=122963
https://quantifiedself.com/show-and-tell/?project=1099,sports & fitness,GeneTrainer | Strava,"So this is for people that haven’t seen me talk before. This is another installment in I guess what has been a few year’s quest into connecting genetics with sport data. And also kind of getting people to think beyond one silver bullet right, like the whole industry is around, ‘Do this and it’s going to change your life.’ But we’re moving towards something where we understand that we’re complicated, and you’ve got to take into account a lot of signals.",https://player.vimeo.com/video/292493091?app_id=122963
https://quantifiedself.com/show-and-tell/?project=1100,media,Google Sheets | MyFitnessPal | SleepCycle | UP Coffee,"Hi, I’m Lillian. I like regressions and long days to walk on the beach. When I was 20 years old in 2007, I began tracking statistics about myself in a giant Excel spreadsheet. I kind of didn’t have a plan. I just started doing this, and I have really no idea why I started doing it. I just started doing it one day, and once I started it was really hard to stop.",https://player.vimeo.com/video/293453242?app_id=122963
https://quantifiedself.com/show-and-tell/?project=1101,productivity  |  stress,Automatic | Strava | swarm,,https://player.vimeo.com/video/293477443?app_id=122963
https://quantifiedself.com/show-and-tell/?project=1102,other,Google Sheets,,https://player.vimeo.com/video/293419936?app_id=122963
https://quantifiedself.com/show-and-tell/?project=1103,mood & emotion  |  social life & social media,Apple Watch | Twitter,,https://player.vimeo.com/video/293424598?app_id=122963
https://quantifiedself.com/show-and-tell/?project=1104,cognition  |  mood & emotion  |  stress,Psygraph,,https://player.vimeo.com/video/293384415?app_id=122963
https://quantifiedself.com/show-and-tell/?project=1105,media,eternalist | Smart Glasses,,https://player.vimeo.com/video/293382227?app_id=122963
https://quantifiedself.com/show-and-tell/?project=1106,other  |  location,Compass,"and a few blocks are full of restaurants and bars there, so I am spending a lot of time in the immediate area and much less time elsewhere in the city.",https://player.vimeo.com/video/293380396?app_id=122963
https://quantifiedself.com/show-and-tell/?project=1107,genome & microbiome,23andMe,,https://player.vimeo.com/video/292489614?app_id=122963
https://quantifiedself.com/show-and-tell/?project=1108,heart rate / cardiovascular  |  metabolism  |  location,Fitbit | iHealth Oximeter,"About a year ago I went on a 10-day trek to Everest basecamp, and just to orientate yourself to what the trip looked like, it’s a 10-days there and back trip starting from a little town called Lukla, where we flew into, the most dangerous airport. Didn’t know that at the time. Survived it, and it’s a walk up along the Khumbu valley to the basecamp and down. And you can see here the gradual elevation gain all the way up and all the way down, seven days in, three days out.",https://player.vimeo.com/video/293387460?app_id=122963
https://quantifiedself.com/show-and-tell/?project=1109,productivity,commits.to,,https://player.vimeo.com/video/292442864?app_id=122963
https://quantifiedself.com/show-and-tell/?project=1110,diet and weight loss  |  metabolism,Inside Tracker,"Last month I decided to not eat for five days kind of for fun. There’s basically this thing called apoptosis which is natural cell death. But if you’re fasting then once you run out of energy your damaged cells die first, so it’s kind of like a flushing process that’s essentially good for stuff like cholesterol and skin and all kinds of other things like that.",https://player.vimeo.com/video/293446604?app_id=122963
https://quantifiedself.com/show-and-tell/?project=1111,metabolism,Continuous Glucose Monitor,"Hi everyone. Thanks for coming to my talk. I’m really excited to be here. This is something that I’ve been doing for a while, and I’ve called my talk Scuba Diving Without Air because I’m going to be talking about something which is considered medically and physiologically impossible and personally, I love to hear that.",https://player.vimeo.com/video/293422304?app_id=122963
https://quantifiedself.com/show-and-tell/?project=1112,productivity,pomodoro,,https://player.vimeo.com/video/292491345?app_id=122963
https://quantifiedself.com/show-and-tell/?project=1113,cognition,Spire,"My name is Shamay and I’m an undergrad at Princeton studying neuroscience, and for disclosure had some really aesthetically pleasing stock photos up there, but for the philosophy of the conference I took my own. So I guess the first takeaway is that I’m not photographer.",https://player.vimeo.com/video/293470150?app_id=122963
https://quantifiedself.com/show-and-tell/?project=1114,genome & microbiome,Continuous electrogastrogram rig | iButtons,"My name is Ben Smarr and thanks for inviting me back. I’m a circadian biologist and physiologist at UC Berkeley, so this is the sort of stuff I think about anyway. We talk about all the ways that biological clocks regulate and function within us. I wanted to know if this is really something that affects how I'm eating and how my stomach is reacting to meals.",https://player.vimeo.com/video/293410050?app_id=122963
https://quantifiedself.com/show-and-tell/?project=1115,productivity  |  stress,Google Sheets,,https://player.vimeo.com/video/293454604?app_id=122963
https://quantifiedself.com/show-and-tell/?project=1116,sports & fitness,Nike app | Periscope,"of April 2012, two days before my birthday before turning 25, but yeah, it was really difficult. And I was putting all of my effort in just to see you know, to prove to myself how much I can do, and this is it. I couldn’t go more than that.",https://player.vimeo.com/video/293496861?app_id=122963
https://quantifiedself.com/show-and-tell/?project=1117,food tracking,Abbot Precision Xtra | Abbott FreeStyle Lite | CardioChek Plus | Dexcom G5,"My main goal is to keep my blood glucose below 100 after eating a meal. I also want my triglycerides to be low after a meal, but triglycerides raise ketones and I want my ketones to be high.",https://player.vimeo.com/video/293430127?app_id=122963
https://quantifiedself.com/show-and-tell/?project=1118,productivity,MyFitnessPal | RescueTime,,https://player.vimeo.com/video/293476419?app_id=122963
https://quantifiedself.com/show-and-tell/?project=1119,heart rate / cardiovascular  |  metabolism,CardioChek,,https://player.vimeo.com/video/293498000?app_id=122963
https://quantifiedself.com/show-and-tell/?project=1120,productivity,R Studio | RescueTime,"I want to start off with a quick question just to get us thinking on a similar page. Has anyone else kind of gone into work expecting to do one thing, focus on something, and you kind of end up just answering Slack messages or emails, or talking to colleagues. So I can tell you after doing this analysis I have maybe too many of these days.",https://player.vimeo.com/video/292490615?app_id=122963
https://quantifiedself.com/show-and-tell/?project=1121,heart rate / cardiovascular  |  metabolism,Continuous Glucose Monitor  | Emfit | Fitbit | Freestyle Libre,,https://player.vimeo.com/video/292488936?app_id=122963
https://quantifiedself.com/show-and-tell/?project=1122,chronic condition  |  sports & fitness,1-Button Tracker | gps,"I’m Thomas Blomseth Christiansen and I will talk to you about some explorations I’ve done into which grasses might aggravate my allergies. And as some of you guys might know, I have been tracking my sneezes for some years now, since May of 2011. And the thing is that I’m in so much control of those sneezes that I’m not sneezing that much anymore, so the signal isn’t that clear.",https://player.vimeo.com/video/292498121?app_id=122963
https://quantifiedself.com/show-and-tell/?project=1123,sports & fitness,Blood glucose monitor | heart rate monitor | Microbiome | Oura ring | VO2Max | Zero App,"Hi I’m Mikey. I work for Adafruit as a biohacker and I’m going to talk about how I ran three marathons on no calories. So, I’ve been running ultras for about five years. I’ve been in ketosis for the last three years, and my goal was to run 100 miles in less than 24 hours without the use of any calories.",https://player.vimeo.com/video/292492270?app_id=122963
https://quantifiedself.com/show-and-tell/?project=1124,food tracking  |  metabolism,Freestyle Libre | Jupyter notebook,"Inspired by research that shows that the blood sugar response to foods  are highly individual, Eric got a prescription for a FreeStyle Libre, a minimally invasive continual glucose meter. He found that certain carbs were worse than others, sweets that are fine as long as they are in moderation, and the influence that sleep and exercise have on mediating the blood sugar response.",https://player.vimeo.com/video/313405930?app_id=122963
https://quantifiedself.com/show-and-tell/?project=1129,environment  |  heart rate / cardiovascular  |  location  |  sports & fitness,Fitbit One | Garmin Fenix 6S | Garmin GPS | Garmin Oregon 450 | Garmin Tempe | Scosche Rhythm24,"Eric Jain was using five devices to track his location, steps, workouts, heart rate and his environment. He attempted to consolidate all of those devices into one. He shares whether the new device worked better than his existing ones.",https://player.vimeo.com/video/429653989?app_id=122963